{"cameraMode":{"drawMode":0,"name":"Shaded","section":"Shading Mode"},"sceneLighting":false,"audioPlay":false,"sceneViewState":{"m_AlwaysRefresh":false,"showFog":true,"showSkybox":false,"showFlares":true,"showImageEffects":true,"showParticleSystems":true,"showVisualEffectGraphs":true,"m_FxEnabled":true},"in2DMode":false,"pivot":{"x":-0.039999961853027347,"y":0.18899911642074586,"z":0.2318953573703766},"rotation":{"x":-0.004716567229479551,"y":0.9644525647163391,"z":-0.017690034583210946,"w":-0.2631654739379883},"size":3.149275302886963,"orthographic":false}