{"cameraMode":{"drawMode":0,"name":"Shaded","section":"Shading Mode"},"sceneLighting":false,"audioPlay":false,"sceneViewState":{"m_AlwaysRefresh":false,"showFog":true,"showSkybox":false,"showFlares":true,"showImageEffects":true,"showParticleSystems":true,"showVisualEffectGraphs":true,"m_FxEnabled":true},"in2DMode":false,"pivot":{"x":-0.020071256905794145,"y":-0.07754015922546387,"z":-0.37175917625427248},"rotation":{"x":-0.2900387942790985,"y":0.011191618628799916,"z":-0.0035485064145177604,"w":-0.9569218754768372},"size":0.554539144039154,"orthographic":false}