{"cameraMode":{"drawMode":0,"name":"Shaded","section":"Shading Mode"},"sceneLighting":false,"audioPlay":false,"sceneViewState":{"m_AlwaysRefresh":false,"showFog":true,"showSkybox":false,"showFlares":true,"showImageEffects":true,"showParticleSystems":true,"showVisualEffectGraphs":true,"m_FxEnabled":true},"in2DMode":false,"pivot":{"x":-0.43135619163513186,"y":-0.03320479020476341,"z":0.31858721375465395},"rotation":{"x":-0.20047397911548615,"y":-0.5770467519760132,"z":0.14876572787761689,"w":-0.7776257395744324},"size":0.6868405938148499,"orthographic":false}