{"cameraMode":{"drawMode":0,"name":"Shaded","section":"Shading Mode"},"sceneLighting":false,"audioPlay":false,"sceneViewState":{"m_AlwaysRefresh":false,"showFog":true,"showSkybox":false,"showFlares":true,"showImageEffects":true,"showParticleSystems":true,"showVisualEffectGraphs":true,"m_FxEnabled":true},"in2DMode":false,"pivot":{"x":-0.8235442638397217,"y":0.15982893109321595,"z":0.3013995587825775},"rotation":{"x":-0.13345962762832642,"y":-0.5770439505577087,"z":0.0962701141834259,"w":-0.7999668121337891},"size":0.6334491968154907,"orthographic":false}