{"cameraMode":{"drawMode":0,"name":"Shaded","section":"Shading Mode"},"sceneLighting":true,"audioPlay":false,"sceneViewState":{"m_AlwaysRefresh":false,"showFog":true,"showSkybox":false,"showFlares":true,"showImageEffects":true,"showParticleSystems":true,"showVisualEffectGraphs":true,"m_FxEnabled":true},"in2DMode":false,"pivot":{"x":0.0010100007057189942,"y":0.7881664633750916,"z":0.18055200576782227},"rotation":{"x":0.1971890777349472,"y":-0.28047803044319155,"z":0.058988939970731738,"w":0.9375209808349609},"size":2.0785977840423586,"orthographic":false}