{"cameraMode":{"drawMode":0,"name":"Shaded","section":"Shading Mode"},"sceneLighting":false,"audioPlay":false,"sceneViewState":{"m_AlwaysRefresh":false,"showFog":true,"showSkybox":false,"showFlares":true,"showImageEffects":true,"showParticleSystems":true,"showVisualEffectGraphs":true,"m_FxEnabled":true},"in2DMode":false,"pivot":{"x":-0.09864890575408936,"y":0.03275257349014282,"z":0.012500017881393433},"rotation":{"x":-0.2248394936323166,"y":-0.11167420446872711,"z":0.02594991773366928,"w":-0.9676303863525391},"size":0.8373568654060364,"orthographic":false}