{"cameraMode":{"drawMode":0,"name":"Shaded","section":"Shading Mode"},"sceneLighting":false,"audioPlay":false,"sceneViewState":{"m_AlwaysRefresh":false,"showFog":true,"showSkybox":false,"showFlares":true,"showImageEffects":true,"showParticleSystems":true,"showVisualEffectGraphs":true,"m_FxEnabled":true},"in2DMode":false,"pivot":{"x":-0.10083582252264023,"y":0.13242992758750916,"z":-0.17044121026992799},"rotation":{"x":-0.002693405607715249,"y":-0.766054093837738,"z":-0.0032102668192237617,"w":0.64276123046875},"size":0.7696393728256226,"orthographic":false}