{"cameraMode":{"drawMode":0,"name":"Shaded","section":"Shading Mode"},"sceneLighting":false,"audioPlay":false,"sceneViewState":{"m_AlwaysRefresh":false,"showFog":true,"showSkybox":false,"showFlares":true,"showImageEffects":true,"showParticleSystems":true,"showVisualEffectGraphs":true,"m_FxEnabled":true},"in2DMode":false,"pivot":{"x":-0.8867446184158325,"y":0.20900359749794007,"z":0.04171627387404442},"rotation":{"x":-0.11771072447299957,"y":-0.6691548824310303,"z":0.1085444912314415,"w":-0.7256706953048706},"size":0.7871627807617188,"orthographic":false}