{"cameraMode":{"drawMode":0,"name":"Shaded","section":"Shading Mode"},"sceneLighting":false,"audioPlay":false,"sceneViewState":{"m_AlwaysRefresh":false,"showFog":true,"showSkybox":false,"showFlares":true,"showImageEffects":true,"showParticleSystems":true,"showVisualEffectGraphs":true,"m_FxEnabled":true},"in2DMode":false,"pivot":{"x":0.6702991127967835,"y":0.5060358047485352,"z":1.3542811870574952},"rotation":{"x":-0.01534195989370346,"y":-0.977578341960907,"z":0.07671079784631729,"w":-0.19551505148410798},"size":0.9597235918045044,"orthographic":false}