{"cameraMode":{"drawMode":0,"name":"Shaded","section":"Shading Mode"},"sceneLighting":false,"audioPlay":false,"sceneViewState":{"m_AlwaysRefresh":false,"showFog":true,"showSkybox":false,"showFlares":true,"showImageEffects":true,"showParticleSystems":true,"showVisualEffectGraphs":true,"m_FxEnabled":true},"in2DMode":false,"pivot":{"x":-0.8145639300346375,"y":0.19681304693222047,"z":0.4091716706752777},"rotation":{"x":-0.1495906561613083,"y":-0.5958616137504578,"z":0.11417023092508316,"w":-0.7807315587997437},"size":0.8219811320304871,"orthographic":false}