{"cameraMode":{"drawMode":0,"name":"Shaded","section":"Shading Mode"},"sceneLighting":false,"audioPlay":false,"sceneViewState":{"m_AlwaysRefresh":false,"showFog":true,"showSkybox":false,"showFlares":true,"showImageEffects":true,"showParticleSystems":true,"showVisualEffectGraphs":true,"m_FxEnabled":true},"in2DMode":false,"pivot":{"x":-1.6108324527740479,"y":0.009780794382095337,"z":-0.0439315140247345},"rotation":{"x":-0.029537560418248178,"y":-0.7573270797729492,"z":0.034337740391492847,"w":-0.6514636874198914},"size":0.6664894819259644,"orthographic":false}