{"cameraMode":{"drawMode":0,"name":"Shaded","section":"Shading Mode"},"sceneLighting":false,"audioPlay":false,"sceneViewState":{"m_AlwaysRefresh":false,"showFog":true,"showSkybox":false,"showFlares":true,"showImageEffects":true,"showParticleSystems":true,"showVisualEffectGraphs":true,"m_FxEnabled":true},"in2DMode":false,"pivot":{"x":10.229635238647461,"y":1.8787460327148438,"z":1.5401580333709717},"rotation":{"x":-0.020291997119784356,"y":-0.5502797961235046,"z":0.013382192701101303,"w":-0.834617018699646},"size":3.9768810272216799,"orthographic":false}