{"cameraMode":{"drawMode":0,"name":"Shaded","section":"Shading Mode"},"sceneLighting":false,"audioPlay":false,"sceneViewState":{"m_AlwaysRefresh":false,"showFog":true,"showSkybox":false,"showFlares":true,"showImageEffects":true,"showParticleSystems":true,"showVisualEffectGraphs":true,"m_FxEnabled":true},"in2DMode":false,"pivot":{"x":0.4639531672000885,"y":0.5419651865959168,"z":1.3273937702178956},"rotation":{"x":-0.029966846108436586,"y":-0.9699154496192932,"z":0.16179139912128449,"w":-0.17888043820858003},"size":1.3025366067886353,"orthographic":false}