{"cameraMode":{"drawMode":0,"name":"Shaded","section":"Shading Mode"},"sceneLighting":false,"audioPlay":false,"sceneViewState":{"m_AlwaysRefresh":false,"showFog":true,"showSkybox":false,"showFlares":true,"showImageEffects":true,"showParticleSystems":true,"showVisualEffectGraphs":true,"m_FxEnabled":true},"in2DMode":false,"pivot":{"x":11.977965354919434,"y":2.4101364612579347,"z":5.110088348388672},"rotation":{"x":-0.002507017459720373,"y":-0.6521286964416504,"z":0.0021611121483147146,"w":-0.7580925226211548},"size":0.4019583463668823,"orthographic":false}